<?xml version="1.0" encoding="UTF-8" standalone="yes"?>
<addon id="Repo" name="Bayle" version="1.0" provider-name="DelaMichal">
    <extension point="xbmc.addon.repository" name="Example Repository">
        <dir>
            <info compressed="false">https://raw.githubusercontent.com/DELAMICHAL/BAYLE/MASTER/repo/zips/addons.xml</info>
            <checksum>https://raw.githubusercontent.com/DELAMICHAL/BAYLE/MASTER/repo/zips/addons.xml.md5</checksum>
            <datadir zip="true">https://raw.githubusercontent.com/DELAMICHAL/BAYLEE/MASTER/repo/zips/</datadir>
        </dir>
    </extension>
    <extension point="xbmc.addon.metadata">
        <summary>Bayle</summary>
        <description>SVK/CZ Dela 1.0</description>
        <disclaimer></disclaimer>
        <platform>all</platform>
        <assets>
            <icon>icon.png</icon>
            <fanart>fanart.jpg</fanart>
        </assets>
    </extension>
</addon>